type,selected,r.squared,statistic,p.value,df,nobs,MSE
l_pd_wp,18 2,0.10927490366063068,3.0670210177562063,2.6356440355314614e-5,18,469,4351.71265881702
l_pd_we,4 1,0.032329787189557445,3.8755510548337018,0.004151408469264277,4,469,4720.553104745116
l_pd_wd,47 9,0.555007927181712,11.172005727081833,2.1573634654386394e-49,47,469,167.42995411571138
l_ed_wp,11 2,0.039954162641130914,1.744127800116533,0.06146497213922983,11,473,4281.2773832775165
l_ed_we,1 1,0.019380613551823064,9.30867685164928,0.002409439767350031,1,473,4360.39263329915
l_ed_wd,40 12,0.608873987343174,16.812584309179964,3.2510444279861655e-65,40,473,128.77648577227023
