type,selected,r.squared,statistic,p.value,df,nobs,MSE
l_pd_wp,17 2,0.10293662037157007,3.2062063176398055,1.775685997896225e-5,17,493,4377.3701545825
l_pd_we,32 5,0.11854853954209481,1.9333285295509428,0.001995866447540334,32,493,4313.676285643815
l_pd_wd,46 9,0.5579162187484716,12.236055310276692,3.13292716230067e-54,46,493,164.0399208325103
l_ed_wp,14 2,0.04186407571685412,1.5011753484374628,0.10619539735800633,14,496,4366.047049482405
l_ed_we,2 1,0.020050773310257494,5.043644595418718,0.006787051139118685,2,496,4502.676885649226
l_ed_wd,39 18,0.5876394675681335,16.662267425134196,3.550840988498136e-65,39,496,141.6373414407637
