type,selected,r.squared,statistic,p.value,df,nobs,MSE
ols_pd_wp,5,0.22691390875444264,1.9281808950338863,6.868327839995182e-5,65,493,3772.4023291897815
ols_pd_we,6,0.22172675924360555,1.8715461009160348,1.420149945450244e-4,65,493,3808.739304439947
ols_pd_wd,11,0.6070099750265192,10.146793434371002,2.0762009882252147e-54,65,493,145.82315687337396
ols_ed_wp,10,0.2181398286910842,1.8788978678658117,1.3918570366476863e-4,64,496,3562.791256997384
ols_ed_we,9,0.20755639230289818,1.7638637826568238,5.744179153488413e-4,64,496,3641.1248852262333
ols_ed_wd,20,0.629197529308415,11.427248862537091,2.122174039002941e-60,64,496,127.36300401663792
