type,selected,r.squared,statistic,p.value,df,nobs,MSE
ols_pd_wp,3,0.2392155939743889,1.9848572407680183,3.975109801584737e-5,64,469,3716.8764458735395
ols_pd_we,7,0.23546640449181908,1.944167904572747,6.693374428613362e-5,64,469,3729.598565895986
ols_pd_wd,8,0.6077434287867769,9.780283303733734,6.414602556119352e-51,64,469,147.58802174580467
ols_ed_wp,5,0.22371305955738646,1.870905345673143,1.7969371350833754e-4,63,473,3461.8135840198674
ols_ed_we,6,0.21265708759593202,1.7534714454908011,7.35910550396113e-4,63,473,3500.9752841638588
ols_ed_wd,14,0.6719441717714939,13.297444675252072,1.1436837205623595e-66,63,473,108.01091036981227
