common_vars,ed_wp_f,ed_we_f
Think AQ will be tomorrow = worse than today,21.729144547457725,21.28361672286377
AQ significantly affects performance at work or school.,14.632961904617213,14.968560190000881
Hours Spent on Work,-6.128141835103273,-5.242945898236268
Main TV channel: Geo News,-14.554777582007809,-14.092561603727487
"If so, how many?",5.097280442361855,5.193911383412865
Total Number of Motorcycle,-24.95698038517439,-27.59198237207465
Tehsil,-20.45722379738724,-27.728583493131673
