type,selected,r.squared,statistic,p.value,df,nobs,MSE
ols_ed_wd,20,0.629197529308415,11.427248862537091,2.122174039002941e-60,64,496,127.36300401663792
