type,selected,r.squared,statistic,p.value,df,nobs,MSE
ols_ed_wd,14,0.6719441717714939,13.297444675252072,1.1436837205623595e-66,63,473,108.01091036981227
