type,selected,r.squared,statistic,p.value,df,nobs,MSE
ols_ed_wp,5,0.22371305955738646,1.870905345673143,1.7969371350833754e-4,63,473,3461.8135840198674
