type,selected,r.squared,statistic,p.value,df,nobs,MSE
ols_ed_wp,10,0.2181398286910842,1.8788978678658117,1.3918570366476863e-4,64,496,3562.791256997384
