type,selected,r.squared,statistic,p.value,df,nobs,MSE
ols_ed_we,9,0.20755639230289818,1.7638637826568238,5.744179153488413e-4,64,496,3641.1248852262333
