type,selected,r.squared,statistic,p.value,df,nobs,MSE
ols_ed_we,6,0.21265708759593202,1.7534714454908011,7.35910550396113e-4,63,473,3500.9752841638588
