common_vars,pd_wp_f,pd_we_f
Donation of 100 rupees to the private citizens' group,0.7111000053114171,0.6654307711939437
Think AQ will be tomorrow = better than today,16.97497990961438,16.145418081448334
Number of other news channels you watch,-19.881528715891083,-21.63796662601312
Asset index,9.56495628960183,11.629775483143455
