type,selected,r.squared,statistic,p.value,df,nobs,MSE
ols_pd_wd,11,0.6070099750265192,10.146793434371002,2.0762009882252147e-54,65,493,145.82315687337396
