meaning,estimate,std.error,statistic,p.value,adj_pvals
Time form open on screen,-0.006114465058465892,0.0027838931786888068,-2.1963720107054394,0.02863289803656977,0.33565575840910755
AQ significantly affects quality of life at home.,-1.8652831345492868,0.915360705845985,-2.0377574901747337,0.0422251857595225,0.33565575840910755
"Past week, poor AQ has affected my ability to sleep.",-2.256941825263338,1.143301429261048,-1.9740566813793552,0.04905609888938199,0.33565575840910755
Hours Spent on Work,1.8726958057299874,0.3366862805928474,5.562138743617614,4.8561253459954314e-8,3.1564814748970304e-6
Was this day typical?,5.284729058577872,2.4260708752675235,2.178307778413573,0.02996068591056741,0.33565575840910755
Num SM used to gather info about social issues,3.1009217790765686,1.195507486770903,2.5938120951900014,0.009836803064798947,0.26118859551361173
This SM group talks about AQ in your neighbhorhood,5.4228403211531395,2.725232432712934,1.9898634171745753,0.04727963933836306,0.33565575840910755
Edu = Secondary/Matric,-6.044436733271531,2.3967520797320963,-2.521928231286719,0.012054858254474388,0.26118859551361173
