type,selected,r.squared,statistic,p.value,df,nobs,MSE
ols_pd_wd,8,0.6077434287867769,9.780283303733734,6.414602556119352e-51,64,469,147.58802174580467
