type,selected,r.squared,statistic,p.value,df,nobs,MSE
ols_pd_we,6,0.22172675924360555,1.8715461009160348,1.420149945450244e-4,65,493,3808.739304439947
