type,selected,r.squared,statistic,p.value,df,nobs,MSE
ols_pd_we,7,0.23546640449181908,1.944167904572747,6.693374428613362e-5,64,469,3729.598565895986
