type,selected,r.squared,statistic,p.value,df,nobs,MSE
ols_pd_wp,5,0.22691390875444264,1.9281808950338863,6.868327839995182e-5,65,493,3772.4023291897815
