type,selected,r.squared,statistic,p.value,df,nobs,MSE
ols_pd_wp,3,0.2392155939743889,1.9848572407680183,3.975109801584737e-5,64,469,3716.8764458735395
